"","subject","type","item","condition","question","correct_answer","response","rt","group","ambiguity","trimmed_rt"
"15","L1 1","gp",14,"b","0","-","-",3384,-0.5,-0.5,3384
"61","L1 1","gp",9,"a","0","-","-",5412,-0.5,0.5,5412
"67","L1 1","gp",6,"b","0","-","-",3704,-0.5,-0.5,3704
"74","L1 1","gp",5,"a","0","-","-",6646,-0.5,0.5,6646
"99","L1 1","gp",17,"a","0","-","-",4075,-0.5,0.5,4075
"105","L1 1","gp",2,"b","0","-","-",3114,-0.5,-0.5,3114
"115","L1 1","gp",18,"b","0","-","-",4411,-0.5,-0.5,4411
"125","L1 1","gp",1,"a","0","-","-",3168,-0.5,0.5,3168
"129","L1 1","gp",10,"b","0","-","-",4849,-0.5,-0.5,4849
"135","L1 1","gp",13,"a","0","-","-",7652,-0.5,0.5,7652
"146","L1 1","gp",21,"a","0","-","-",7780,-0.5,0.5,7780
"150","L1 1","gp",22,"b","0","-","-",5617,-0.5,-0.5,5617
"194","L1 2","gp",16,"a","0","-","-",7234,-0.5,0.5,7234
"201","L1 2","gp",17,"b","0","-","-",4808,-0.5,-0.5,4808
"208","L1 2","gp",4,"a","0","-","-",7346,-0.5,0.5,7346
"260","L1 2","gp",20,"a","0","-","-",5120,-0.5,0.5,5120
"268","L1 2","gp",8,"a","0","-","-",6755,-0.5,0.5,6755
"274","L1 2","gp",1,"b","0","-","-",2699,-0.5,-0.5,2699
"285","L1 2","gp",12,"a","0","-","-",3499,-0.5,0.5,3499
"288","L1 2","gp",24,"a","0","-","-",4612,-0.5,0.5,4612
"306","L1 2","gp",9,"b","0","-","-",2218,-0.5,-0.5,2218
"313","L1 2","gp",5,"b","0","-","-",5668,-0.5,-0.5,5668
"341","L1 2","gp",21,"b","0","-","-",2691,-0.5,-0.5,2691
"351","L1 2","gp",13,"b","0","-","-",4196,-0.5,-0.5,4196
"378","L1 3","gp",4,"b","0","-","-",7373,-0.5,-0.5,7373
"381","L1 3","gp",20,"b","0","-","-",5470,-0.5,-0.5,5470
"393","L1 3","gp",12,"b","0","-","-",7412,-0.5,-0.5,7412
"429","L1 3","gp",24,"b","0","-","-",4475,-0.5,-0.5,4475
"435","L1 3","gp",15,"a","0","-","-",11292,-0.5,0.5,11292
"447","L1 3","gp",23,"a","0","-","-",10354,-0.5,0.5,10354
"477","L1 3","gp",7,"a","0","-","-",10055,-0.5,0.5,10055
"481","L1 3","gp",16,"b","0","-","-",5230,-0.5,-0.5,5230
"498","L1 3","gp",11,"a","0","-","-",11376,-0.5,0.5,11376
"507","L1 3","gp",19,"a","0","-","-",14297,-0.5,0.5,14297
"524","L1 3","gp",3,"a","0","-","-",9621,-0.5,0.5,9621
"534","L1 3","gp",8,"b","0","-","-",4599,-0.5,-0.5,4599
"558","L1 4","gp",11,"b","0","-","-",2231,-0.5,-0.5,2231
"584","L1 4","gp",6,"a","0","-","-",2830,-0.5,0.5,2830
"602","L1 4","gp",2,"a","0","-","-",3400,-0.5,0.5,3400
"606","L1 4","gp",15,"b","0","-","-",3273,-0.5,-0.5,3273
"627","L1 4","gp",14,"a","0","-","-",2550,-0.5,0.5,2550
"631","L1 4","gp",23,"b","0","-","-",2666,-0.5,-0.5,2666
"644","L1 4","gp",22,"a","0","-","-",3316,-0.5,0.5,3316
"651","L1 4","gp",7,"b","0","-","-",2191,-0.5,-0.5,2191
"669","L1 4","gp",3,"b","0","-","-",2338,-0.5,-0.5,2338
"687","L1 4","gp",10,"a","0","-","-",2998,-0.5,0.5,2998
"693","L1 4","gp",18,"a","0","-","-",1874,-0.5,0.5,1874
"707","L1 4","gp",19,"b","0","-","-",2379,-0.5,-0.5,2379
"764","L1 5","gp",1,"a","0","-","-",2999,-0.5,0.5,2999
"770","L1 5","gp",2,"b","0","-","-",4890,-0.5,-0.5,4890
"780","L1 5","gp",18,"b","0","-","-",3585,-0.5,-0.5,3585
"797","L1 5","gp",21,"a","0","-","-",2526,-0.5,0.5,2526
"807","L1 5","gp",13,"a","0","-","-",6581,-0.5,0.5,6581
"826","L1 5","gp",14,"b","0","-","-",4740,-0.5,-0.5,4740
"841","L1 5","gp",6,"b","0","-","-",5734,-0.5,-0.5,5734
"844","L1 5","gp",22,"b","0","-","-",4039,-0.5,-0.5,4039
"863","L1 5","gp",10,"b","0","-","-",3259,-0.5,-0.5,3259
"872","L1 5","gp",17,"a","0","-","-",2410,-0.5,0.5,2410
"876","L1 5","gp",5,"a","0","-","-",2118,-0.5,0.5,2118
"884","L1 5","gp",9,"a","0","-","-",3016,-0.5,0.5,3016
"914","L1 6","gp",5,"b","0","-","-",4361,-0.5,-0.5,4361
"947","L1 6","gp",17,"b","0","-","-",3031,-0.5,-0.5,3031
"962","L1 6","gp",20,"a","0","-","-",2782,-0.5,0.5,2782
"972","L1 6","gp",9,"b","0","-","-",4387,-0.5,-0.5,4387
"991","L1 6","gp",24,"a","0","-","-",2251,-0.5,0.5,2251
"997","L1 6","gp",12,"a","0","-","-",8322,-0.5,0.5,8322
"1000","L1 6","gp",13,"b","0","-","-",3419,-0.5,-0.5,3419
"1014","L1 6","gp",8,"a","0","-","-",5270,-0.5,0.5,5270
"1018","L1 6","gp",16,"a","0","-","-",4348,-0.5,0.5,4348
"1028","L1 6","gp",4,"a","0","-","-",4466,-0.5,0.5,4466
"1049","L1 6","gp",1,"b","0","-","-",2689,-0.5,-0.5,2689
"1078","L1 6","gp",21,"b","0","-","-",3455,-0.5,-0.5,3455
"1095","L1 7","gp",3,"a","0","-","-",5657,-0.5,0.5,5657
"1104","L1 7","gp",4,"b","0","-","-",4410,-0.5,-0.5,4410
"1137","L1 7","gp",7,"a","0","-","-",3109,-0.5,0.5,3109
"1148","L1 7","gp",19,"a","0","-","-",7079,-0.5,0.5,7079
"1156","L1 7","gp",11,"a","0","-","-",4358,-0.5,0.5,4358
"1171","L1 7","gp",15,"a","0","-","-",4431,-0.5,0.5,4431
"1178","L1 7","gp",12,"b","0","-","-",3390,-0.5,-0.5,3390
"1185","L1 7","gp",23,"a","0","-","-",7468,-0.5,0.5,7468
"1213","L1 7","gp",16,"b","0","-","-",5496,-0.5,-0.5,5496
"1223","L1 7","gp",8,"b","0","-","-",3715,-0.5,-0.5,3715
"1244","L1 7","gp",24,"b","0","-","-",4844,-0.5,-0.5,4844
"1247","L1 7","gp",20,"b","0","-","-",3490,-0.5,-0.5,3490
"1279","L1 8","gp",23,"b","0","-","-",6232,-0.5,-0.5,6232
"1290","L1 8","gp",7,"b","0","-","-",4641,-0.5,-0.5,4641
"1314","L1 8","gp",2,"a","0","-","-",5274,-0.5,0.5,5274
"1318","L1 8","gp",15,"b","0","-","-",4925,-0.5,-0.5,4925
"1342","L1 8","gp",11,"b","0","-","-",3438,-0.5,-0.5,3438
"1349","L1 8","gp",19,"b","0","-","-",5899,-0.5,-0.5,5899
"1356","L1 8","gp",3,"b","0","-","-",2689,-0.5,-0.5,2689
"1363","L1 8","gp",10,"a","0","-","-",7528,-0.5,0.5,7528
"1388","L1 8","gp",18,"a","0","-","-",4533,-0.5,0.5,4533
"1401","L1 8","gp",22,"a","0","-","-",6598,-0.5,0.5,6598
"1409","L1 8","gp",14,"a","0","-","-",4363,-0.5,0.5,4363
"1434","L1 8","gp",6,"a","0","-","-",7045,-0.5,0.5,7045
"1455","L1 9","gp",6,"b","0","-","-",3668,-0.5,-0.5,3668
"1459","L1 9","gp",21,"a","0","-","-",3561,-0.5,0.5,3561
"1469","L1 9","gp",9,"a","0","-","-",3906,-0.5,0.5,3906
"1515","L1 9","gp",17,"a","0","-","-",2438,-0.5,0.5,2438
"1531","L1 9","gp",10,"b","0","-","-",2237,-0.5,-0.5,2237
"1539","L1 9","gp",2,"b","0","-","-",2298,-0.5,-0.5,2298
"1550","L1 9","gp",14,"b","0","-","-",1863,-0.5,-0.5,1863
"1571","L1 9","gp",22,"b","0","-","-",4307,-0.5,-0.5,4307
"1597","L1 9","gp",18,"b","0","-","-",1731,-0.5,-0.5,1731
"1603","L1 9","gp",1,"a","0","-","-",5279,-0.5,0.5,5279
"1606","L1 9","gp",5,"a","0","-","-",1893,-0.5,0.5,1893
"1614","L1 9","gp",13,"a","0","-","-",2852,-0.5,0.5,2852
"1644","L1 10","gp",1,"b","0","-","-",2786,-0.5,-0.5,2786
"1647","L1 10","gp",13,"b","0","-","-",3364,-0.5,-0.5,3364
"1669","L1 10","gp",20,"a","0","-","-",1933,-0.5,0.5,1933
"1694","L1 10","gp",5,"b","0","-","-",3016,-0.5,-0.5,3016
"1707","L1 10","gp",24,"a","0","-","-",3821,-0.5,0.5,3821
"1711","L1 10","gp",9,"b","0","-","-",2206,-0.5,-0.5,2206
"1725","L1 10","gp",12,"a","0","-","-",4270,-0.5,0.5,4270
"1729","L1 10","gp",17,"b","0","-","-",2763,-0.5,-0.5,2763
"1740","L1 10","gp",16,"a","0","-","-",2394,-0.5,0.5,2394
"1747","L1 10","gp",4,"a","0","-","-",2996,-0.5,0.5,2996
"1762","L1 10","gp",8,"a","0","-","-",3073,-0.5,0.5,3073
"1794","L1 10","gp",21,"b","0","-","-",1074,-0.5,-0.5,1074
"1815","L1 11","gp",19,"a","0","-","-",3279,-0.5,0.5,3279
"1821","L1 11","gp",11,"a","0","-","-",2995,-0.5,0.5,2995
"1827","L1 11","gp",7,"a","0","-","-",3600,-0.5,0.5,3600
"1837","L1 11","gp",8,"b","0","-","-",2706,-0.5,-0.5,2706
"1856","L1 11","gp",12,"b","0","-","-",2967,-0.5,-0.5,2967
"1859","L1 11","gp",15,"a","0","-","-",4749,-0.5,0.5,4749
"1867","L1 11","gp",24,"b","0","-","-",3191,-0.5,-0.5,3191
"1876","L1 11","gp",23,"a","0","-","-",3415,-0.5,0.5,3415
"1880","L1 11","gp",16,"b","0","-","-",5233,-0.5,-0.5,5233
"1936","L1 11","gp",20,"b","0","-","-",1941,-0.5,-0.5,1941
"1948","L1 11","gp",4,"b","0","-","-",2151,-0.5,-0.5,2151
"1966","L1 11","gp",3,"a","0","-","-",3701,-0.5,0.5,3701
"2010","L1 12","gp",3,"b","0","-","-",3676,-0.5,-0.5,3676
"2017","L1 12","gp",10,"a","0","-","-",9810,-0.5,0.5,9810
"2026","L1 12","gp",23,"b","0","-","-",2710,-0.5,-0.5,2710
"2033","L1 12","gp",19,"b","0","-","-",4359,-0.5,-0.5,4359
"2037","L1 12","gp",2,"a","0","-","-",5840,-0.5,0.5,5840
"2060","L1 12","gp",22,"a","0","-","-",3591,-0.5,0.5,3591
"2072","L1 12","gp",11,"b","0","-","-",4620,-0.5,-0.5,4620
"2086","L1 12","gp",18,"a","0","-","-",6482,-0.5,0.5,6482
"2110","L1 12","gp",7,"b","0","-","-",2949,-0.5,-0.5,2949
"2120","L1 12","gp",14,"a","0","-","-",3988,-0.5,0.5,3988
"2145","L1 12","gp",6,"a","0","-","-",5336,-0.5,0.5,5336
"2158","L1 12","gp",15,"b","0","-","-",2772,-0.5,-0.5,2772
"2204","L1 13","gp",14,"b","0","-","-",3931,-0.5,-0.5,3931
"2218","L1 13","gp",2,"b","0","-","-",2731,-0.5,-0.5,2731
"2239","L1 13","gp",21,"a","0","-","-",4732,-0.5,0.5,4732
"2252","L1 13","gp",10,"b","0","-","-",3757,-0.5,-0.5,3757
"2262","L1 13","gp",13,"a","0","-","-",9750,-0.5,0.5,9750
"2266","L1 13","gp",22,"b","0","-","-",4565,-0.5,-0.5,4565
"2269","L1 13","gp",9,"a","0","-","-",9058,-0.5,0.5,9058
"2272","L1 13","gp",1,"a","0","-","-",5611,-0.5,0.5,5611
"2292","L1 13","gp",5,"a","0","-","-",6660,-0.5,0.5,6660
"2303","L1 13","gp",18,"b","0","-","-",4987,-0.5,-0.5,4987
"2307","L1 13","gp",6,"b","0","-","-",4293,-0.5,-0.5,4293
"2313","L1 13","gp",17,"a","0","-","-",3640,-0.5,0.5,3640
"2372","L1 14","gp",17,"b","0","-","-",3997,-0.5,-0.5,3997
"2383","L1 14","gp",8,"a","0","-","-",5357,-0.5,0.5,5357
"2407","L1 14","gp",21,"b","0","-","-",2738,-0.5,-0.5,2738
"2414","L1 14","gp",20,"a","0","-","-",3573,-0.5,0.5,3573
"2417","L1 14","gp",5,"b","0","-","-",3255,-0.5,-0.5,3255
"2431","L1 14","gp",9,"b","0","-","-",2840,-0.5,-0.5,2840
"2435","L1 14","gp",13,"b","0","-","-",3863,-0.5,-0.5,3863
"2441","L1 14","gp",16,"a","0","-","-",4563,-0.5,0.5,4563
"2449","L1 14","gp",12,"a","0","-","-",3315,-0.5,0.5,3315
"2459","L1 14","gp",4,"a","0","-","-",2927,-0.5,0.5,2927
"2496","L1 14","gp",1,"b","0","-","-",3050,-0.5,-0.5,3050
"2506","L1 14","gp",24,"a","0","-","-",3973,-0.5,0.5,3973
"2549","L1 15","gp",19,"a","0","-","-",9567,-0.5,0.5,9567
"2557","L1 15","gp",12,"b","0","-","-",7747,-0.5,-0.5,7747
"2566","L1 15","gp",24,"b","0","-","-",5299,-0.5,-0.5,5299
"2577","L1 15","gp",3,"a","0","-","-",16421,-0.5,0.5,16421
"2583","L1 15","gp",11,"a","0","-","-",13614,-0.5,0.5,13614
"2587","L1 15","gp",4,"b","0","-","-",4202,-0.5,-0.5,4202
"2600","L1 15","gp",16,"b","0","-","-",8364,-0.5,-0.5,8364
"2625","L1 15","gp",8,"b","0","-","-",3421,-0.5,-0.5,3421
"2643","L1 15","gp",7,"a","0","-","-",6290,-0.5,0.5,6290
"2646","L1 15","gp",23,"a","0","-","-",10488,-0.5,0.5,10488
"2670","L1 15","gp",15,"a","0","-","-",3694,-0.5,0.5,3694
"2677","L1 15","gp",20,"b","0","-","-",2648,-0.5,-0.5,2648
"2725","L1 16","gp",10,"a","0","-","-",4524,-0.5,0.5,4524
"2738","L1 16","gp",15,"b","0","-","-",4251,-0.5,-0.5,4251
"2752","L1 16","gp",19,"b","0","-","-",7410,-0.5,-0.5,7410
"2756","L1 16","gp",6,"a","0","-","-",3805,-0.5,0.5,3805
"2767","L1 16","gp",18,"a","0","-","-",3677,-0.5,0.5,3677
"2789","L1 16","gp",3,"b","0","-","-",3760,-0.5,-0.5,3760
"2796","L1 16","gp",22,"a","0","-","-",5355,-0.5,0.5,5355
"2800","L1 16","gp",7,"b","0","-","-",4468,-0.5,-0.5,4468
"2844","L1 16","gp",14,"a","0","-","-",3651,-0.5,0.5,3651
"2849","L1 16","gp",23,"b","0","-","-",3232,-0.5,-0.5,3232
"2856","L1 16","gp",2,"a","0","-","-",5219,-0.5,0.5,5219
"2870","L1 16","gp",11,"b","0","-","-",4147,-0.5,-0.5,4147
"2894","L1 17","gp",13,"a","0","-","-",3656,-0.5,0.5,3656
"2904","L1 17","gp",14,"b","0","-","-",2691,-0.5,-0.5,2691
"2911","L1 17","gp",18,"b","0","-","-",3454,-0.5,-0.5,3454
"2914","L1 17","gp",9,"a","0","-","-",2565,-0.5,0.5,2565
"2961","L1 17","gp",6,"b","0","-","-",5422,-0.5,-0.5,5422
"2969","L1 17","gp",21,"a","0","-","-",9630,-0.5,0.5,9630
"2981","L1 17","gp",10,"b","0","-","-",2921,-0.5,-0.5,2921
"2994","L1 17","gp",1,"a","0","-","-",3317,-0.5,0.5,3317
"3012","L1 17","gp",17,"a","0","-","-",4035,-0.5,0.5,4035
"3028","L1 17","gp",5,"a","0","-","-",1802,-0.5,0.5,1802
"3044","L1 17","gp",22,"b","0","-","-",2218,-0.5,-0.5,2218
"3051","L1 17","gp",2,"b","0","-","-",2380,-0.5,-0.5,2380
"3075","L1 18","gp",9,"b","0","-","-",2759,-0.5,-0.5,2759
"3112","L1 18","gp",24,"a","0","-","-",4417,-0.5,0.5,4417
"3119","L1 18","gp",17,"b","0","-","-",3013,-0.5,-0.5,3013
"3128","L1 18","gp",12,"a","0","-","-",6309,-0.5,0.5,6309
"3143","L1 18","gp",16,"a","0","-","-",5286,-0.5,0.5,5286
"3156","L1 18","gp",20,"a","0","-","-",7633,-0.5,0.5,7633
"3160","L1 18","gp",21,"b","0","-","-",877,-0.5,-0.5,877
"3168","L1 18","gp",5,"b","0","-","-",2908,-0.5,-0.5,2908
"3188","L1 18","gp",4,"a","0","-","-",6589,-0.5,0.5,6589
"3191","L1 18","gp",13,"b","0","-","-",2808,-0.5,-0.5,2808
"3207","L1 18","gp",8,"a","0","-","-",7195,-0.5,0.5,7195
"3224","L1 18","gp",1,"b","0","-","-",1771,-0.5,-0.5,1771
"3266","L1 19","gp",4,"b","0","-","-",4653,-0.5,-0.5,4653
"3274","L1 19","gp",19,"a","0","-","-",7414,-0.5,0.5,7414
"3296","L1 19","gp",12,"b","0","-","-",4163,-0.5,-0.5,4163
"3305","L1 19","gp",24,"b","0","-","-",4785,-0.5,-0.5,4785
"3343","L1 19","gp",3,"a","0","-","-",7188,-0.5,0.5,7188
"3349","L1 19","gp",11,"a","0","-","-",3651,-0.5,0.5,3651
"3357","L1 19","gp",16,"b","0","-","-",4013,-0.5,-0.5,4013
"3360","L1 19","gp",8,"b","0","-","-",2766,-0.5,-0.5,2766
"3364","L1 19","gp",7,"a","0","-","-",4474,-0.5,0.5,4474
"3375","L1 19","gp",20,"b","0","-","-",5079,-0.5,-0.5,5079
"3392","L1 19","gp",23,"a","0","-","-",4597,-0.5,0.5,4597
"3415","L1 19","gp",15,"a","0","-","-",3906,-0.5,0.5,3906
"3440","L1 20","gp",11,"b","0","-","-",2245,-0.5,-0.5,2245
"3454","L1 20","gp",22,"a","0","-","-",5203,-0.5,0.5,5203
"3477","L1 20","gp",10,"a","0","-","-",4291,-0.5,0.5,4291
"3506","L1 20","gp",23,"b","0","-","-",2728,-0.5,-0.5,2728
"3526","L1 20","gp",3,"b","0","-","-",5598,-0.5,-0.5,5598
"3530","L1 20","gp",7,"b","0","-","-",4463,-0.5,-0.5,4463
"3553","L1 20","gp",18,"a","0","-","-",7795,-0.5,0.5,7795
"3559","L1 20","gp",6,"a","0","-","-",4850,-0.5,0.5,4850
"3576","L1 20","gp",2,"a","0","-","-",6518,-0.5,0.5,6518
"3580","L1 20","gp",14,"a","0","-","-",5433,-0.5,0.5,5433
"3595","L1 20","gp",15,"b","0","-","-",2865,-0.5,-0.5,2865
"3598","L1 20","gp",19,"b","0","-","-",3479,-0.5,-0.5,3479
"3617","L1 21","gp",9,"a","0","-","-",2580,-0.5,0.5,2580
"3624","L1 21","gp",18,"b","0","-","-",2214,-0.5,-0.5,2214
"3634","L1 21","gp",13,"a","0","-","-",4523,-0.5,0.5,4523
"3654","L1 21","gp",2,"b","0","-","-",2739,-0.5,-0.5,2739
"3658","L1 21","gp",21,"a","0","-","-",4939,-0.5,0.5,4939
"3686","L1 21","gp",1,"a","0","-","-",6184,-0.5,0.5,6184
"3713","L1 21","gp",22,"b","0","-","-",3834,-0.5,-0.5,3834
"3721","L1 21","gp",10,"b","0","-","-",3297,-0.5,-0.5,3297
"3756","L1 21","gp",6,"b","0","-","-",2052,-0.5,-0.5,2052
"3760","L1 21","gp",5,"a","0","-","-",2192,-0.5,0.5,2192
"3763","L1 21","gp",17,"a","0","-","-",4294,-0.5,0.5,4294
"3767","L1 21","gp",14,"b","0","-","-",4558,-0.5,-0.5,4558
"3821","L1 22","gp",5,"b","0","-","-",4645,-0.5,-0.5,4645
"3839","L1 22","gp",8,"a","0","-","-",8299,-0.5,0.5,8299
"3851","L1 22","gp",9,"b","0","-","-",4219,-0.5,-0.5,4219
"3866","L1 22","gp",24,"a","0","-","-",7675,-0.5,0.5,7675
"3869","L1 22","gp",12,"a","0","-","-",10630,-0.5,0.5,10630
"3874","L1 22","gp",17,"b","0","-","-",4517,-0.5,-0.5,4517
"3881","L1 22","gp",1,"b","0","-","-",4965,-0.5,-0.5,4965
"3911","L1 22","gp",21,"b","0","-","-",3067,-0.5,-0.5,3067
"3919","L1 22","gp",16,"a","0","-","-",8139,-0.5,0.5,8139
"3944","L1 22","gp",13,"b","0","-","-",4472,-0.5,-0.5,4472
"3955","L1 22","gp",20,"a","0","-","-",6009,-0.5,0.5,6009
"3958","L1 22","gp",4,"a","0","-","-",5010,-0.5,0.5,5010
"3989","L1 23","gp",4,"b","0","-","-",3640,-0.5,-0.5,3640
"3994","L1 23","gp",12,"b","0","-","-",3596,-0.5,-0.5,3596
"4000","L1 23","gp",7,"a","0","-","-",6295,-0.5,0.5,6295
"4019","L1 23","gp",23,"a","0","-","-",14215,-0.5,0.5,14215
"4027","L1 23","gp",19,"a","0","-","-",3941,-0.5,0.5,3941
"4033","L1 23","gp",15,"a","0","-","-",7899,-0.5,0.5,7899
"4048","L1 23","gp",11,"a","0","-","-",4049,-0.5,0.5,4049
"4065","L1 23","gp",24,"b","0","-","-",3023,-0.5,-0.5,3023
"4073","L1 23","gp",8,"b","0","-","-",4053,-0.5,-0.5,4053
"4079","L1 23","gp",3,"a","0","-","-",7934,-0.5,0.5,7934
"4085","L1 23","gp",20,"b","0","-","-",2366,-0.5,-0.5,2366
"4137","L1 23","gp",16,"b","0","-","-",11150,-0.5,-0.5,11150
"4159","L1 24","gp",22,"a","0","-","-",8811,-0.5,0.5,8811
"4167","L1 24","gp",18,"a","0","-","-",5449,-0.5,0.5,5449
"4170","L1 24","gp",2,"a","0","-","-",3021,-0.5,0.5,3021
"4205","L1 24","gp",6,"a","0","-","-",4375,-0.5,0.5,4375
"4208","L1 24","gp",23,"b","0","-","-",3329,-0.5,-0.5,3329
"4232","L1 24","gp",15,"b","0","-","-",2498,-0.5,-0.5,2498
"4236","L1 24","gp",14,"a","0","-","-",4050,-0.5,0.5,4050
"4256","L1 24","gp",3,"b","0","-","-",3129,-0.5,-0.5,3129
"4288","L1 24","gp",11,"b","0","-","-",2735,-0.5,-0.5,2735
"4307","L1 24","gp",19,"b","0","-","-",5292,-0.5,-0.5,5292
"4311","L1 24","gp",7,"b","0","-","-",4885,-0.5,-0.5,4885
"4318","L1 24","gp",10,"a","0","-","-",6430,-0.5,0.5,6430
"4341","L1 25","gp",21,"a","0","-","-",4257,-0.5,0.5,4257
"4350","L1 25","gp",5,"a","0","-","-",2335,-0.5,0.5,2335
"4370","L1 25","gp",9,"a","0","-","-",2722,-0.5,0.5,2722
"4373","L1 25","gp",14,"b","0","-","-",3493,-0.5,-0.5,3493
"4390","L1 25","gp",17,"a","0","-","-",2855,-0.5,0.5,2855
"4397","L1 25","gp",13,"a","0","-","-",4293,-0.5,0.5,4293
"4408","L1 25","gp",18,"b","0","-","-",2474,-0.5,-0.5,2474
"4415","L1 25","gp",22,"b","0","-","-",2870,-0.5,-0.5,2870
"4422","L1 25","gp",10,"b","0","-","-",4318,-0.5,-0.5,4318
"4426","L1 25","gp",1,"a","0","-","-",3746,-0.5,0.5,3746
"4446","L1 25","gp",6,"b","0","-","-",4050,-0.5,-0.5,4050
"4459","L1 25","gp",2,"b","0","-","-",4232,-0.5,-0.5,4232
"4523","L1 26","gp",8,"a","0","-","-",12210,-0.5,0.5,12210
"4531","L1 26","gp",24,"a","0","-","-",6212,-0.5,0.5,6212
"4557","L1 26","gp",21,"b","0","-","-",5064,-0.5,-0.5,5064
"4561","L1 26","gp",20,"a","0","-","-",4910,-0.5,0.5,4910
"4586","L1 26","gp",9,"b","0","-","-",6715,-0.5,-0.5,6715
"4590","L1 26","gp",16,"a","0","-","-",12410,-0.5,0.5,12410
"4603","L1 26","gp",13,"b","0","-","-",2687,-0.5,-0.5,2687
"4612","L1 26","gp",17,"b","0","-","-",4627,-0.5,-0.5,4627
"4616","L1 26","gp",4,"a","0","-","-",4113,-0.5,0.5,4113
"4626","L1 26","gp",5,"b","0","-","-",2877,-0.5,-0.5,2877
"4645","L1 26","gp",1,"b","0","-","-",2869,-0.5,-0.5,2869
"4652","L1 26","gp",12,"a","0","-","-",6372,-0.5,0.5,6372
"4701","L1 27","gp",7,"a","0","-","-",7266,-0.5,0.5,7266
"4714","L1 27","gp",11,"a","0","-","-",2982,-0.5,0.5,2982
"4732","L1 27","gp",24,"b","0","-","-",6257,-0.5,-0.5,6257
"4746","L1 27","gp",23,"a","0","-","-",2624,-0.5,0.5,2624
"4749","L1 27","gp",4,"b","0","-","-",3227,-0.5,-0.5,3227
"4762","L1 27","gp",15,"a","0","-","-",3505,-0.5,0.5,3505
"4773","L1 27","gp",16,"b","0","-","-",2323,-0.5,-0.5,2323
"4780","L1 27","gp",20,"b","0","-","-",3459,-0.5,-0.5,3459
"4788","L1 27","gp",12,"b","0","-","-",6684,-0.5,-0.5,6684
"4842","L1 27","gp",8,"b","0","-","-",1623,-0.5,-0.5,1623
"4854","L1 27","gp",19,"a","0","-","-",2235,-0.5,0.5,2235
"4858","L1 27","gp",3,"a","0","-","-",2434,-0.5,0.5,2434
"4889","L1 28","gp",6,"a","0","-","-",6367,-0.5,0.5,6367
"4896","L1 28","gp",11,"b","0","-","-",2479,-0.5,-0.5,2479
"4907","L1 28","gp",7,"b","0","-","-",5299,-0.5,-0.5,5299
"4911","L1 28","gp",10,"a","0","-","-",5855,-0.5,0.5,5855
"4939","L1 28","gp",2,"a","0","-","-",6437,-0.5,0.5,6437
"4942","L1 28","gp",3,"b","0","-","-",3234,-0.5,-0.5,3234
"4950","L1 28","gp",23,"b","0","-","-",2832,-0.5,-0.5,2832
"4970","L1 28","gp",22,"a","0","-","-",5810,-0.5,0.5,5810
"4989","L1 28","gp",14,"a","0","-","-",5018,-0.5,0.5,5018
"4992","L1 28","gp",15,"b","0","-","-",2442,-0.5,-0.5,2442
"4999","L1 28","gp",19,"b","0","-","-",6716,-0.5,-0.5,6716
"5028","L1 28","gp",18,"a","0","-","-",3881,-0.5,0.5,3881
"5061","L1 29","gp",18,"b","0","-","-",3145,-0.5,-0.5,3145
"5072","L1 29","gp",17,"a","0","-","-",4910,-0.5,0.5,4910
"5076","L1 29","gp",5,"a","0","-","-",6492,-0.5,0.5,6492
"5112","L1 29","gp",22,"b","0","-","-",3378,-0.5,-0.5,3378
"5124","L1 29","gp",9,"a","0","-","-",5489,-0.5,0.5,5489
"5134","L1 29","gp",2,"b","0","-","-",2715,-0.5,-0.5,2715
"5148","L1 29","gp",13,"a","0","-","-",3059,-0.5,0.5,3059
"5154","L1 29","gp",21,"a","0","-","-",2956,-0.5,0.5,2956
"5168","L1 29","gp",14,"b","0","-","-",3845,-0.5,-0.5,3845
"5183","L1 29","gp",6,"b","0","-","-",3286,-0.5,-0.5,3286
"5211","L1 29","gp",1,"a","0","-","-",3963,-0.5,0.5,3963
"5215","L1 29","gp",10,"b","0","-","-",2792,-0.5,-0.5,2792
"5262","L1 30","gp",17,"b","0","-","-",2673,-0.5,-0.5,2673
"5268","L1 30","gp",24,"a","0","-","-",7638,-0.5,0.5,7638
"5289","L1 30","gp",8,"a","0","-","-",5681,-0.5,0.5,5681
"5308","L1 30","gp",5,"b","0","-","-",3146,-0.5,-0.5,3146
"5311","L1 30","gp",4,"a","0","-","-",5827,-0.5,0.5,5827
"5320","L1 30","gp",12,"a","0","-","-",9650,-0.5,0.5,9650
"5324","L1 30","gp",20,"a","0","-","-",5589,-0.5,0.5,5589
"5332","L1 30","gp",1,"b","0","-","-",2165,-0.5,-0.5,2165
"5354","L1 30","gp",9,"b","0","-","-",2974,-0.5,-0.5,2974
"5383","L1 30","gp",13,"b","0","-","-",3446,-0.5,-0.5,3446
"5390","L1 30","gp",21,"b","0","-","-",1799,-0.5,-0.5,1799
"5394","L1 30","gp",16,"a","0","-","-",5021,-0.5,0.5,5021
"5417","L1 31","gp",7,"a","0","-","-",5438,-0.5,0.5,5438
"5425","L1 31","gp",12,"b","0","-","-",8829,-0.5,-0.5,8829
"5432","L1 31","gp",3,"a","0","-","-",4864,-0.5,0.5,4864
"5438","L1 31","gp",20,"b","0","-","-",4131,-0.5,-0.5,4131
"5456","L1 31","gp",4,"b","0","-","-",4881,-0.5,-0.5,4881
"5464","L1 31","gp",16,"b","0","-","-",4558,-0.5,-0.5,4558
"5470","L1 31","gp",15,"a","0","-","-",4768,-0.5,0.5,4768
"5478","L1 31","gp",24,"b","0","-","-",6422,-0.5,-0.5,6422
"5490","L1 31","gp",19,"a","0","-","-",6249,-0.5,0.5,6249
"5515","L1 31","gp",8,"b","0","-","-",2706,-0.5,-0.5,2706
"5532","L1 31","gp",23,"a","0","-","-",3256,-0.5,0.5,3256
"5562","L1 31","gp",11,"a","0","-","-",5626,-0.5,0.5,5626
"5597","L1 32","gp",7,"b","0","-","-",3259,-0.5,-0.5,3259
"5621","L1 32","gp",3,"b","0","-","-",6506,-0.5,-0.5,6506
"5640","L1 32","gp",2,"a","0","-","-",4494,-0.5,0.5,4494
"5662","L1 32","gp",10,"a","0","-","-",6982,-0.5,0.5,6982
"5668","L1 32","gp",15,"b","0","-","-",2459,-0.5,-0.5,2459
"5671","L1 32","gp",23,"b","0","-","-",2020,-0.5,-0.5,2020
"5703","L1 32","gp",22,"a","0","-","-",4824,-0.5,0.5,4824
"5722","L1 32","gp",19,"b","0","-","-",9594,-0.5,-0.5,9594
"5729","L1 32","gp",18,"a","0","-","-",2859,-0.5,0.5,2859
"5742","L1 32","gp",6,"a","0","-","-",6149,-0.5,0.5,6149
"5754","L1 32","gp",11,"b","0","-","-",2303,-0.5,-0.5,2303
"5758","L1 32","gp",14,"a","0","-","-",4585,-0.5,0.5,4585
"5790","L1 33","gp",2,"b","0","-","-",5224,-0.5,-0.5,5224
"5798","L1 33","gp",6,"b","0","-","-",7598,-0.5,-0.5,7598
"5819","L1 33","gp",13,"a","0","-","-",4001,-0.5,0.5,4001
"5841","L1 33","gp",21,"a","0","-","-",5152,-0.5,0.5,5152
"5844","L1 33","gp",9,"a","0","-","-",3534,-0.5,0.5,3534
"5864","L1 33","gp",22,"b","0","-","-",4417,-0.5,-0.5,4417
"5871","L1 33","gp",5,"a","0","-","-",3935,-0.5,0.5,3935
"5881","L1 33","gp",17,"a","0","-","-",4870,-0.5,0.5,4870
"5901","L1 33","gp",18,"b","0","-","-",2620,-0.5,-0.5,2620
"5905","L1 33","gp",1,"a","0","-","-",4386,-0.5,0.5,4386
"5920","L1 33","gp",14,"b","0","-","-",12222,-0.5,-0.5,12222
"5937","L1 33","gp",10,"b","0","-","-",4610,-0.5,-0.5,4610
"5968","L1 34","gp",21,"b","0","-","-",3962,-0.5,-0.5,3962
"5981","L1 34","gp",9,"b","0","-","-",3817,-0.5,-0.5,3817
"5984","L1 34","gp",16,"a","0","-","-",2820,-0.5,0.5,2820
"5997","L1 34","gp",4,"a","0","-","-",4822,-0.5,0.5,4822
"6009","L1 34","gp",20,"a","0","-","-",2785,-0.5,0.5,2785
"6016","L1 34","gp",8,"a","0","-","-",4465,-0.5,0.5,4465
"6027","L1 34","gp",5,"b","0","-","-",2520,-0.5,-0.5,2520
"6031","L1 34","gp",12,"a","0","-","-",5472,-0.5,0.5,5472
"6052","L1 34","gp",13,"b","0","-","-",3022,-0.5,-0.5,3022
"6075","L1 34","gp",1,"b","0","-","-",3407,-0.5,-0.5,3407
"6086","L1 34","gp",24,"a","0","-","-",2431,-0.5,0.5,2431
"6089","L1 34","gp",17,"b","0","-","-",2242,-0.5,-0.5,2242
"6146","L1 35","gp",23,"a","0","-","-",7165,-0.5,0.5,7165
"6167","L1 35","gp",3,"a","0","-","-",4654,-0.5,0.5,4654
"6185","L1 35","gp",20,"b","0","-","-",6270,-0.5,-0.5,6270
"6189","L1 35","gp",11,"a","0","-","-",3563,-0.5,0.5,3563
"6218","L1 35","gp",4,"b","0","-","-",2241,-0.5,-0.5,2241
"6234","L1 35","gp",12,"b","0","-","-",2901,-0.5,-0.5,2901
"6243","L1 35","gp",15,"a","0","-","-",5187,-0.5,0.5,5187
"6247","L1 35","gp",24,"b","0","-","-",4334,-0.5,-0.5,4334
"6254","L1 35","gp",19,"a","0","-","-",5113,-0.5,0.5,5113
"6271","L1 35","gp",7,"a","0","-","-",7526,-0.5,0.5,7526
"6278","L1 35","gp",8,"b","0","-","-",3349,-0.5,-0.5,3349
"6298","L1 35","gp",16,"b","0","-","-",2363,-0.5,-0.5,2363
"6318","L1 36","gp",18,"a","0","-","-",5499,-0.5,0.5,5499
"6339","L1 36","gp",14,"a","0","-","-",4378,-0.5,0.5,4378
"6351","L1 36","gp",10,"a","0","-","-",4621,-0.5,0.5,4621
"6357","L1 36","gp",23,"b","0","-","-",3096,-0.5,-0.5,3096
"6377","L1 36","gp",15,"b","0","-","-",4840,-0.5,-0.5,4840
"6384","L1 36","gp",3,"b","0","-","-",2485,-0.5,-0.5,2485
"6392","L1 36","gp",2,"a","0","-","-",4595,-0.5,0.5,4595
"6410","L1 36","gp",6,"a","0","-","-",3687,-0.5,0.5,3687
"6453","L1 36","gp",19,"b","0","-","-",3533,-0.5,-0.5,3533
"6457","L1 36","gp",7,"b","0","-","-",3629,-0.5,-0.5,3629
"6463","L1 36","gp",22,"a","0","-","-",4074,-0.5,0.5,4074
"6466","L1 36","gp",11,"b","0","-","-",2774,-0.5,-0.5,2774
"6495","L1 37","gp",17,"a","0","-","-",3750,-0.5,0.5,3750
"6503","L1 37","gp",13,"a","0","-","-",3792,-0.5,0.5,3792
"6509","L1 37","gp",9,"a","0","-","-",3638,-0.5,0.5,3638
"6519","L1 37","gp",6,"b","0","-","-",4215,-0.5,-0.5,4215
"6530","L1 37","gp",5,"a","0","-","-",3105,-0.5,0.5,3105
"6537","L1 37","gp",1,"a","0","-","-",2922,-0.5,0.5,2922
"6551","L1 37","gp",22,"b","0","-","-",4655,-0.5,-0.5,4655
"6584","L1 37","gp",21,"a","0","-","-",4043,-0.5,0.5,4043
"6592","L1 37","gp",14,"b","0","-","-",2806,-0.5,-0.5,2806
"6598","L1 37","gp",2,"b","0","-","-",4192,-0.5,-0.5,4192
"6644","L1 37","gp",10,"b","0","-","-",3296,-0.5,-0.5,3296
"6655","L1 37","gp",18,"b","0","-","-",2980,-0.5,-0.5,2980
"6682","L1 38","gp",12,"a","0","-","-",7868,-0.5,0.5,7868
"6697","L1 38","gp",4,"a","0","-","-",6719,-0.5,0.5,6719
"6718","L1 38","gp",17,"b","0","-","-",3189,-0.5,-0.5,3189
"6733","L1 38","gp",8,"a","0","-","-",3534,-0.5,0.5,3534
"6742","L1 38","gp",1,"b","0","-","-",2192,-0.5,-0.5,2192
"6753","L1 38","gp",9,"b","0","-","-",2336,-0.5,-0.5,2336
"6756","L1 38","gp",13,"b","0","-","-",2929,-0.5,-0.5,2929
"6770","L1 38","gp",5,"b","0","-","-",2997,-0.5,-0.5,2997
"6781","L1 38","gp",20,"a","0","-","-",4858,-0.5,0.5,4858
"6798","L1 38","gp",21,"b","0","-","-",5896,-0.5,-0.5,5896
"6807","L1 38","gp",16,"a","0","-","-",2607,-0.5,0.5,2607
"6828","L1 38","gp",24,"a","0","-","-",3529,-0.5,0.5,3529
"6858","L1 39","gp",7,"a","0","-","-",7387,-0.5,0.5,7387
"6863","L1 39","gp",16,"b","0","-","-",3158,-0.5,-0.5,3158
"6874","L1 39","gp",23,"a","0","-","-",5326,-0.5,0.5,5326
"6882","L1 39","gp",12,"b","0","-","-",5801,-0.5,-0.5,5801
"6886","L1 39","gp",8,"b","0","-","-",6501,-0.5,-0.5,6501
"6896","L1 39","gp",24,"b","0","-","-",4022,-0.5,-0.5,4022
"6917","L1 39","gp",11,"a","0","-","-",3483,-0.5,0.5,3483
"6928","L1 39","gp",19,"a","0","-","-",4015,-0.5,0.5,4015
"6960","L1 39","gp",15,"a","0","-","-",6700,-0.5,0.5,6700
"6990","L1 39","gp",4,"b","0","-","-",9492,-0.5,-0.5,9492
"7000","L1 39","gp",3,"a","0","-","-",7144,-0.5,0.5,7144
"7018","L1 39","gp",20,"b","0","-","-",3145,-0.5,-0.5,3145
"7048","L1 40","gp",11,"b","0","-","-",2769,-0.5,-0.5,2769
"7065","L1 40","gp",7,"b","0","-","-",3127,-0.5,-0.5,3127
"7077","L1 40","gp",23,"b","0","-","-",5866,-0.5,-0.5,5866
"7085","L1 40","gp",14,"a","0","-","-",4436,-0.5,0.5,4436
"7089","L1 40","gp",22,"a","0","-","-",6806,-0.5,0.5,6806
"7104","L1 40","gp",6,"a","0","-","-",3281,-0.5,0.5,3281
"7110","L1 40","gp",18,"a","0","-","-",6215,-0.5,0.5,6215
"7155","L1 40","gp",10,"a","0","-","-",3880,-0.5,0.5,3880
"7165","L1 40","gp",19,"b","0","-","-",3820,-0.5,-0.5,3820
"7177","L1 40","gp",15,"b","0","-","-",4238,-0.5,-0.5,4238
"7193","L1 40","gp",2,"a","0","-","-",4240,-0.5,0.5,4240
"7197","L1 40","gp",3,"b","0","-","-",3574,-0.5,-0.5,3574
"7214","L2 1","gp",17,"a","0","-","-",5649,0.5,0.5,5649
"7232","L2 1","gp",2,"b","0","-","-",3471,0.5,-0.5,3471
"7239","L2 1","gp",9,"a","0","-","-",6462,0.5,0.5,6462
"7275","L2 1","gp",22,"b","0","-","-",5427,0.5,-0.5,5427
"7282","L2 1","gp",1,"a","0","-","-",9164,0.5,0.5,9164
"7292","L2 1","gp",14,"b","0","-","-",3041,0.5,-0.5,3041
"7304","L2 1","gp",6,"b","0","-","-",6132,0.5,-0.5,6132
"7317","L2 1","gp",5,"a","0","-","-",5314,0.5,0.5,5314
"7327","L2 1","gp",10,"b","0","-","-",4466,0.5,-0.5,4466
"7342","L2 1","gp",21,"a","0","-","-",3768,0.5,0.5,3768
"7365","L2 1","gp",18,"b","0","-","-",9641,0.5,-0.5,9641
"7375","L2 1","gp",13,"a","0","-","-",6735,0.5,0.5,6735
"7398","L2 2","gp",24,"a","0","-","-",3704,0.5,0.5,3704
"7423","L2 2","gp",16,"a","0","-","-",8950,0.5,0.5,8950
"7451","L2 2","gp",20,"a","0","-","-",5431,0.5,0.5,5431
"7457","L2 2","gp",12,"a","0","-","-",8266,0.5,0.5,8266
"7468","L2 2","gp",21,"b","0","-","-",3911,0.5,-0.5,3911
"7472","L2 2","gp",9,"b","0","-","-",5752,0.5,-0.5,5752
"7478","L2 2","gp",5,"b","0","-","-",5168,0.5,-0.5,5168
"7488","L2 2","gp",13,"b","0","-","-",3901,0.5,-0.5,3901
"7491","L2 2","gp",4,"a","0","-","-",6076,0.5,0.5,6076
"7501","L2 2","gp",8,"a","0","-","-",5314,0.5,0.5,5314
"7508","L2 2","gp",17,"b","0","-","-",14272,0.5,-0.5,14272
"7553","L2 2","gp",1,"b","0","-","-",5898,0.5,-0.5,5898
"7588","L2 3","gp",12,"b","0","-","-",3394,0.5,-0.5,3394
"7600","L2 3","gp",20,"b","0","-","-",3880,0.5,-0.5,3880
"7614","L2 3","gp",11,"a","0","-","-",3644,0.5,0.5,3644
"7624","L2 3","gp",8,"b","0","-","-",3920,0.5,-0.5,3920
"7655","L2 3","gp",24,"b","0","-","-",2479,0.5,-0.5,2479
"7669","L2 3","gp",3,"a","0","-","-",3576,0.5,0.5,3576
"7679","L2 3","gp",4,"b","0","-","-",3416,0.5,-0.5,3416
"7697","L2 3","gp",23,"a","0","-","-",3982,0.5,0.5,3982
"7709","L2 3","gp",19,"a","0","-","-",10332,0.5,0.5,10332
"7725","L2 3","gp",7,"a","0","-","-",5167,0.5,0.5,5167
"7732","L2 3","gp",16,"b","0","-","-",3834,0.5,-0.5,3834
"7738","L2 3","gp",15,"a","0","-","-",9655,0.5,0.5,9655
"7778","L2 4","gp",15,"b","0","-","-",2818,0.5,-0.5,2818
"7785","L2 4","gp",23,"b","0","-","-",6986,0.5,-0.5,6986
"7799","L2 4","gp",14,"a","0","-","-",3000,0.5,0.5,3000
"7825","L2 4","gp",11,"b","0","-","-",3490,0.5,-0.5,3490
"7828","L2 4","gp",19,"b","0","-","-",3422,0.5,-0.5,3422
"7836","L2 4","gp",2,"a","0","-","-",7690,0.5,0.5,7690
"7844","L2 4","gp",22,"a","0","-","-",3302,0.5,0.5,3302
"7851","L2 4","gp",7,"b","0","-","-",8601,0.5,-0.5,8601
"7887","L2 4","gp",10,"a","0","-","-",3124,0.5,0.5,3124
"7903","L2 4","gp",6,"a","0","-","-",3376,0.5,0.5,3376
"7907","L2 4","gp",3,"b","0","-","-",2671,0.5,-0.5,2671
"7910","L2 4","gp",18,"a","0","-","-",1892,0.5,0.5,1892
"7948","L2 5","gp",6,"b","0","-","-",4382,0.5,-0.5,4382
"7959","L2 5","gp",9,"a","0","-","-",17564,0.5,0.5,17564
"7966","L2 5","gp",17,"a","0","-","-",9038,0.5,0.5,9038
"7977","L2 5","gp",22,"b","0","-","-",7880,0.5,-0.5,7880
"8007","L2 5","gp",14,"b","0","-","-",4440,0.5,-0.5,4440
"8036","L2 5","gp",2,"b","0","-","-",4215,0.5,-0.5,4215
"8043","L2 5","gp",21,"a","0","-","-",5879,0.5,0.5,5879
"8050","L2 5","gp",1,"a","0","-","-",4882,0.5,0.5,4882
"8076","L2 5","gp",10,"b","0","-","-",8403,0.5,-0.5,8403
"8087","L2 5","gp",13,"a","0","-","-",4781,0.5,0.5,4781
"8091","L2 5","gp",5,"a","0","-","-",6626,0.5,0.5,6626
"8094","L2 5","gp",18,"b","0","-","-",2390,0.5,-0.5,2390
"8118","L2 6","gp",4,"a","0","-","-",8333,0.5,0.5,8333
"8130","L2 6","gp",17,"b","0","-","-",6062,0.5,-0.5,6062
"8141","L2 6","gp",24,"a","0","-","-",6675,0.5,0.5,6675
"8144","L2 6","gp",9,"b","0","-","-",8207,0.5,-0.5,8207
"8152","L2 6","gp",16,"a","0","-","-",10443,0.5,0.5,10443
"8191","L2 6","gp",5,"b","0","-","-",8180,0.5,-0.5,8180
"8199","L2 6","gp",21,"b","0","-","-",8468,0.5,-0.5,8468
"8212","L2 6","gp",13,"b","0","-","-",8707,0.5,-0.5,8707
"8216","L2 6","gp",20,"a","0","-","-",12054,0.5,0.5,12054
"8248","L2 6","gp",12,"a","0","-","-",8338,0.5,0.5,8338
"8251","L2 6","gp",8,"a","0","-","-",8198,0.5,0.5,8198
"8254","L2 6","gp",1,"b","0","-","-",6746,0.5,-0.5,6746
"8305","L2 7","gp",20,"b","0","-","-",8497,0.5,-0.5,8497
"8316","L2 7","gp",12,"b","0","-","-",10859,0.5,-0.5,10859
"8334","L2 7","gp",16,"b","0","-","-",4634,0.5,-0.5,4634
"8365","L2 7","gp",7,"a","0","-","-",7280,0.5,0.5,7280
"8377","L2 7","gp",11,"a","0","-","-",11862,0.5,0.5,11862
"8383","L2 7","gp",19,"a","0","-","-",7562,0.5,0.5,7562
"8405","L2 7","gp",23,"a","0","-","-",8040,0.5,0.5,8040
"8424","L2 7","gp",24,"b","0","-","-",21142,0.5,-0.5,21142
"8430","L2 7","gp",8,"b","0","-","-",13740,0.5,-0.5,13740
"8441","L2 7","gp",4,"b","0","-","-",8147,0.5,-0.5,8147
"8451","L2 7","gp",3,"a","0","-","-",11208,0.5,0.5,11208
"8455","L2 7","gp",15,"a","0","-","-",9159,0.5,0.5,9159
"8479","L2 8","gp",2,"a","0","-","-",7405,0.5,0.5,7405
"8483","L2 8","gp",14,"a","0","-","-",4818,0.5,0.5,4818
"8501","L2 8","gp",7,"b","0","-","-",6414,0.5,-0.5,6414
"8508","L2 8","gp",6,"a","0","-","-",5448,0.5,0.5,5448
"8517","L2 8","gp",11,"b","0","-","-",5428,0.5,-0.5,5428
"8523","L2 8","gp",23,"b","0","-","-",5459,0.5,-0.5,5459
"8536","L2 8","gp",10,"a","0","-","-",4337,0.5,0.5,4337
"8546","L2 8","gp",3,"b","0","-","-",8156,0.5,-0.5,8156
"8553","L2 8","gp",22,"a","0","-","-",3382,0.5,0.5,3382
"8591","L2 8","gp",19,"b","0","-","-",3895,0.5,-0.5,3895
"8631","L2 8","gp",18,"a","0","-","-",3019,0.5,0.5,3019
"8635","L2 8","gp",15,"b","0","-","-",3439,0.5,-0.5,3439
"8655","L2 9","gp",17,"a","0","-","-",7005,0.5,0.5,7005
"8673","L2 9","gp",22,"b","0","-","-",7905,0.5,-0.5,7905
"8681","L2 9","gp",13,"a","0","-","-",7293,0.5,0.5,7293
"8693","L2 9","gp",9,"a","0","-","-",5876,0.5,0.5,5876
"8697","L2 9","gp",18,"b","0","-","-",6653,0.5,-0.5,6653
"8712","L2 9","gp",21,"a","0","-","-",6975,0.5,0.5,6975
"8716","L2 9","gp",5,"a","0","-","-",3837,0.5,0.5,3837
"8735","L2 9","gp",2,"b","0","-","-",2735,0.5,-0.5,2735
"8752","L2 9","gp",1,"a","0","-","-",4768,0.5,0.5,4768
"8769","L2 9","gp",6,"b","0","-","-",9532,0.5,-0.5,9532
"8779","L2 9","gp",10,"b","0","-","-",7065,0.5,-0.5,7065
"8817","L2 9","gp",14,"b","0","-","-",3807,0.5,-0.5,3807
"8835","L2 10","gp",9,"b","0","-","-",12330,0.5,-0.5,12330
"8869","L2 10","gp",5,"b","0","-","-",12065,0.5,-0.5,12065
"8909","L2 10","gp",12,"a","0","-","-",9557,0.5,0.5,9557
"8927","L2 10","gp",1,"b","0","-","-",8951,0.5,-0.5,8951
"8937","L2 10","gp",24,"a","0","-","-",22663,0.5,0.5,22663
"8941","L2 10","gp",17,"b","0","-","-",8995,0.5,-0.5,8995
"8947","L2 10","gp",16,"a","0","-","-",36862,0.5,0.5,36862
"8953","L2 10","gp",20,"a","0","-","-",6203,0.5,0.5,6203
"8964","L2 10","gp",21,"b","0","-","-",12895,0.5,-0.5,12895
"8978","L2 10","gp",4,"a","0","-","-",11239,0.5,0.5,11239
"8984","L2 10","gp",13,"b","0","-","-",10158,0.5,-0.5,10158
"8987","L2 10","gp",8,"a","0","-","-",16370,0.5,0.5,16370
"9014","L2 11","gp",19,"a","0","-","-",4493,0.5,0.5,4493
"9027","L2 11","gp",12,"b","0","-","-",2983,0.5,-0.5,2983
"9035","L2 11","gp",20,"b","0","-","-",3415,0.5,-0.5,3415
"9042","L2 11","gp",11,"a","0","-","-",5479,0.5,0.5,5479
"9046","L2 11","gp",7,"a","0","-","-",3724,0.5,0.5,3724
"9084","L2 11","gp",4,"b","0","-","-",2541,0.5,-0.5,2541
"9088","L2 11","gp",8,"b","0","-","-",3144,0.5,-0.5,3144
"9115","L2 11","gp",16,"b","0","-","-",2841,0.5,-0.5,2841
"9133","L2 11","gp",24,"b","0","-","-",2383,0.5,-0.5,2383
"9143","L2 11","gp",15,"a","0","-","-",3673,0.5,0.5,3673
"9152","L2 11","gp",23,"a","0","-","-",2376,0.5,0.5,2376
"9159","L2 11","gp",3,"a","0","-","-",3670,0.5,0.5,3670
"9208","L2 12","gp",2,"a","0","-","-",14002,0.5,0.5,14002
"9215","L2 12","gp",3,"b","0","-","-",10353,0.5,-0.5,10353
"9227","L2 12","gp",7,"b","0","-","-",3494,0.5,-0.5,3494
"9248","L2 12","gp",18,"a","0","-","-",10138,0.5,0.5,10138
"9281","L2 12","gp",6,"a","0","-","-",16016,0.5,0.5,16016
"9293","L2 12","gp",19,"b","0","-","-",30843,0.5,-0.5,30843
"9303","L2 12","gp",15,"b","0","-","-",4949,0.5,-0.5,4949
"9314","L2 12","gp",10,"a","0","-","-",9113,0.5,0.5,9113
"9321","L2 12","gp",14,"a","0","-","-",17250,0.5,0.5,17250
"9337","L2 12","gp",23,"b","0","-","-",6240,0.5,-0.5,6240
"9347","L2 12","gp",11,"b","0","-","-",12166,0.5,-0.5,12166
"9350","L2 12","gp",22,"a","0","-","-",15477,0.5,0.5,15477
"9378","L2 13","gp",6,"b","0","-","-",6267,0.5,-0.5,6267
"9392","L2 13","gp",18,"b","0","-","-",5419,0.5,-0.5,5419
"9399","L2 13","gp",9,"a","0","-","-",16708,0.5,0.5,16708
"9411","L2 13","gp",14,"b","0","-","-",20914,0.5,-0.5,20914
"9426","L2 13","gp",21,"a","0","-","-",9854,0.5,0.5,9854
"9435","L2 13","gp",2,"b","0","-","-",2967,0.5,-0.5,2967
"9443","L2 13","gp",10,"b","0","-","-",5000,0.5,-0.5,5000
"9450","L2 13","gp",5,"a","0","-","-",9443,0.5,0.5,9443
"9461","L2 13","gp",22,"b","0","-","-",17368,0.5,-0.5,17368
"9475","L2 13","gp",1,"a","0","-","-",7803,0.5,0.5,7803
"9488","L2 13","gp",13,"a","0","-","-",4445,0.5,0.5,4445
"9530","L2 13","gp",17,"a","0","-","-",4146,0.5,0.5,4146
"9557","L2 14","gp",5,"b","0","-","-",15549,0.5,-0.5,15549
"9571","L2 14","gp",17,"b","0","-","-",2470,0.5,-0.5,2470
"9577","L2 14","gp",24,"a","0","-","-",8893,0.5,0.5,8893
"9615","L2 14","gp",1,"b","0","-","-",2424,0.5,-0.5,2424
"9622","L2 14","gp",4,"a","0","-","-",6816,0.5,0.5,6816
"9636","L2 14","gp",8,"a","0","-","-",16776,0.5,0.5,16776
"9643","L2 14","gp",13,"b","0","-","-",3765,0.5,-0.5,3765
"9650","L2 14","gp",21,"b","0","-","-",4699,0.5,-0.5,4699
"9664","L2 14","gp",9,"b","0","-","-",4522,0.5,-0.5,4522
"9668","L2 14","gp",20,"a","0","-","-",3295,0.5,0.5,3295
"9678","L2 14","gp",12,"a","0","-","-",7374,0.5,0.5,7374
"9685","L2 14","gp",16,"a","0","-","-",5256,0.5,0.5,5256
"9734","L2 15","gp",11,"a","0","-","-",6542,0.5,0.5,6542
"9737","L2 15","gp",3,"a","0","-","-",12026,0.5,0.5,12026
"9766","L2 15","gp",24,"b","0","-","-",2999,0.5,-0.5,2999
"9771","L2 15","gp",8,"b","0","-","-",6865,0.5,-0.5,6865
"9779","L2 15","gp",19,"a","0","-","-",6542,0.5,0.5,6542
"9786","L2 15","gp",20,"b","0","-","-",2575,0.5,-0.5,2575
"9789","L2 15","gp",23,"a","0","-","-",5558,0.5,0.5,5558
"9819","L2 15","gp",15,"a","0","-","-",9438,0.5,0.5,9438
"9845","L2 15","gp",12,"b","0","-","-",2918,0.5,-0.5,2918
"9849","L2 15","gp",16,"b","0","-","-",7177,0.5,-0.5,7177
"9859","L2 15","gp",4,"b","0","-","-",3107,0.5,-0.5,3107
"9877","L2 15","gp",7,"a","0","-","-",2995,0.5,0.5,2995
"9918","L2 16","gp",2,"a","0","-","-",7500,0.5,0.5,7500
"9935","L2 16","gp",11,"b","0","-","-",13314,0.5,-0.5,13314
"9945","L2 16","gp",6,"a","0","-","-",18565,0.5,0.5,18565
"9951","L2 16","gp",15,"b","0","-","-",3821,0.5,-0.5,3821
"9964","L2 16","gp",7,"b","0","-","-",3306,0.5,-0.5,3306
"9978","L2 16","gp",22,"a","0","-","-",9524,0.5,0.5,9524
"9989","L2 16","gp",23,"b","0","-","-",10264,0.5,-0.5,10264
"10002","L2 16","gp",10,"a","0","-","-",5935,0.5,0.5,5935
"10006","L2 16","gp",3,"b","0","-","-",7604,0.5,-0.5,7604
"10042","L2 16","gp",18,"a","0","-","-",5739,0.5,0.5,5739
"10059","L2 16","gp",19,"b","0","-","-",22066,0.5,-0.5,22066
"10066","L2 16","gp",14,"a","0","-","-",6554,0.5,0.5,6554
"10104","L2 17","gp",5,"a","0","-","-",7773,0.5,0.5,7773
"10118","L2 17","gp",10,"b","0","-","-",20372,0.5,-0.5,20372
"10122","L2 17","gp",17,"a","0","-","-",8557,0.5,0.5,8557
"10146","L2 17","gp",1,"a","0","-","-",17461,0.5,0.5,17461
"10149","L2 17","gp",9,"a","0","-","-",11506,0.5,0.5,11506
"10160","L2 17","gp",13,"a","0","-","-",5837,0.5,0.5,5837
"10169","L2 17","gp",6,"b","0","-","-",8309,0.5,-0.5,8309
"10181","L2 17","gp",22,"b","0","-","-",5232,0.5,-0.5,5232
"10208","L2 17","gp",18,"b","0","-","-",11166,0.5,-0.5,11166
"10245","L2 17","gp",2,"b","0","-","-",6342,0.5,-0.5,6342
"10251","L2 17","gp",14,"b","0","-","-",12760,0.5,-0.5,12760
"10254","L2 17","gp",21,"a","0","-","-",9739,0.5,0.5,9739
"10282","L2 18","gp",4,"a","0","-","-",6904,0.5,0.5,6904
"10289","L2 18","gp",24,"a","0","-","-",4463,0.5,0.5,4463
"10298","L2 18","gp",12,"a","0","-","-",10970,0.5,0.5,10970
"10320","L2 18","gp",1,"b","0","-","-",11292,0.5,-0.5,11292
"10327","L2 18","gp",20,"a","0","-","-",7429,0.5,0.5,7429
"10347","L2 18","gp",17,"b","0","-","-",3966,0.5,-0.5,3966
"10369","L2 18","gp",21,"b","0","-","-",4260,0.5,-0.5,4260
"10382","L2 18","gp",8,"a","0","-","-",7241,0.5,0.5,7241
"10389","L2 18","gp",13,"b","0","-","-",4415,0.5,-0.5,4415
"10395","L2 18","gp",16,"a","0","-","-",14134,0.5,0.5,14134
"10399","L2 18","gp",5,"b","0","-","-",7807,0.5,-0.5,7807
"10424","L2 18","gp",9,"b","0","-","-",2869,0.5,-0.5,2869
"10458","L2 19","gp",24,"b","0","-","-",7068,0.5,-0.5,7068
"10463","L2 19","gp",19,"a","0","-","-",8984,0.5,0.5,8984
"10473","L2 19","gp",16,"b","0","-","-",11293,0.5,-0.5,11293
"10498","L2 19","gp",23,"a","0","-","-",7778,0.5,0.5,7778
"10502","L2 19","gp",15,"a","0","-","-",14291,0.5,0.5,14291
"10537","L2 19","gp",3,"a","0","-","-",9410,0.5,0.5,9410
"10541","L2 19","gp",4,"b","0","-","-",11486,0.5,-0.5,11486
"10548","L2 19","gp",12,"b","0","-","-",6125,0.5,-0.5,6125
"10565","L2 19","gp",20,"b","0","-","-",11561,0.5,-0.5,11561
"10568","L2 19","gp",7,"a","0","-","-",9569,0.5,0.5,9569
"10579","L2 19","gp",11,"a","0","-","-",6940,0.5,0.5,6940
"10611","L2 19","gp",8,"b","0","-","-",7002,0.5,-0.5,7002
"10640","L2 20","gp",18,"a","0","-","-",13703,0.5,0.5,13703
"10644","L2 20","gp",11,"b","0","-","-",10740,0.5,-0.5,10740
"10648","L2 20","gp",7,"b","0","-","-",13434,0.5,-0.5,13434
"10654","L2 20","gp",23,"b","0","-","-",4724,0.5,-0.5,4724
"10671","L2 20","gp",22,"a","0","-","-",22179,0.5,0.5,22179
"10682","L2 20","gp",3,"b","0","-","-",4628,0.5,-0.5,4628
"10689","L2 20","gp",6,"a","0","-","-",14758,0.5,0.5,14758
"10705","L2 20","gp",14,"a","0","-","-",5555,0.5,0.5,5555
"10728","L2 20","gp",19,"b","0","-","-",14082,0.5,-0.5,14082
"10750","L2 20","gp",10,"a","0","-","-",9314,0.5,0.5,9314
"10769","L2 20","gp",2,"a","0","-","-",6583,0.5,0.5,6583
"10772","L2 20","gp",15,"b","0","-","-",6319,0.5,-0.5,6319
"10814","L2 21","gp",14,"b","0","-","-",5924,0.5,-0.5,5924
"10835","L2 21","gp",13,"a","0","-","-",14604,0.5,0.5,14604
"10843","L2 21","gp",5,"a","0","-","-",8297,0.5,0.5,8297
"10867","L2 21","gp",1,"a","0","-","-",3188,0.5,0.5,3188
"10871","L2 21","gp",2,"b","0","-","-",3798,0.5,-0.5,3798
"10882","L2 21","gp",17,"a","0","-","-",6364,0.5,0.5,6364
"10900","L2 21","gp",18,"b","0","-","-",3931,0.5,-0.5,3931
"10922","L2 21","gp",9,"a","0","-","-",3187,0.5,0.5,3187
"10933","L2 21","gp",21,"a","0","-","-",9294,0.5,0.5,9294
"10949","L2 21","gp",10,"b","0","-","-",3575,0.5,-0.5,3575
"10953","L2 21","gp",6,"b","0","-","-",3682,0.5,-0.5,3682
"10962","L2 21","gp",22,"b","0","-","-",4028,0.5,-0.5,4028
"11001","L2 22","gp",21,"b","0","-","-",7447,0.5,-0.5,7447
"11007","L2 22","gp",13,"b","0","-","-",3501,0.5,-0.5,3501
"11029","L2 22","gp",20,"a","0","-","-",4581,0.5,0.5,4581
"11033","L2 22","gp",12,"a","0","-","-",4363,0.5,0.5,4363
"11036","L2 22","gp",24,"a","0","-","-",7012,0.5,0.5,7012
"11050","L2 22","gp",5,"b","0","-","-",15229,0.5,-0.5,15229
"11060","L2 22","gp",1,"b","0","-","-",3001,0.5,-0.5,3001
"11074","L2 22","gp",8,"a","0","-","-",3859,0.5,0.5,3859
"11081","L2 22","gp",4,"a","0","-","-",3554,0.5,0.5,3554
"11116","L2 22","gp",16,"a","0","-","-",4049,0.5,0.5,4049
"11133","L2 22","gp",9,"b","0","-","-",7702,0.5,-0.5,7702
"11138","L2 22","gp",17,"b","0","-","-",2953,0.5,-0.5,2953
"11183","L2 23","gp",23,"a","0","-","-",5961,0.5,0.5,5961
"11190","L2 23","gp",16,"b","0","-","-",2915,0.5,-0.5,2915
"11197","L2 23","gp",15,"a","0","-","-",2512,0.5,0.5,2512
"11220","L2 23","gp",7,"a","0","-","-",2477,0.5,0.5,2477
"11234","L2 23","gp",24,"b","0","-","-",3117,0.5,-0.5,3117
"11250","L2 23","gp",8,"b","0","-","-",2224,0.5,-0.5,2224
"11253","L2 23","gp",20,"b","0","-","-",3618,0.5,-0.5,3618
"11286","L2 23","gp",4,"b","0","-","-",4404,0.5,-0.5,4404
"11290","L2 23","gp",11,"a","0","-","-",3227,0.5,0.5,3227
"11296","L2 23","gp",19,"a","0","-","-",4008,0.5,0.5,4008
"11303","L2 23","gp",12,"b","0","-","-",2839,0.5,-0.5,2839
"11327","L2 23","gp",3,"a","0","-","-",2365,0.5,0.5,2365
"11359","L2 24","gp",7,"b","0","-","-",4845,0.5,-0.5,4845
"11386","L2 24","gp",6,"a","0","-","-",6253,0.5,0.5,6253
"11393","L2 24","gp",22,"a","0","-","-",8388,0.5,0.5,8388
"11418","L2 24","gp",3,"b","0","-","-",5557,0.5,-0.5,5557
"11432","L2 24","gp",15,"b","0","-","-",3811,0.5,-0.5,3811
"11459","L2 24","gp",11,"b","0","-","-",4365,0.5,-0.5,4365
"11470","L2 24","gp",18,"a","0","-","-",7024,0.5,0.5,7024
"11482","L2 24","gp",23,"b","0","-","-",3884,0.5,-0.5,3884
"11489","L2 24","gp",2,"a","0","-","-",5922,0.5,0.5,5922
"11495","L2 24","gp",10,"a","0","-","-",7525,0.5,0.5,7525
"11499","L2 24","gp",14,"a","0","-","-",6757,0.5,0.5,6757
"11514","L2 24","gp",19,"b","0","-","-",5245,0.5,-0.5,5245
"11534","L2 25","gp",6,"b","0","-","-",6128,0.5,-0.5,6128
"11547","L2 25","gp",1,"a","0","-","-",10426,0.5,0.5,10426
"11576","L2 25","gp",2,"b","0","-","-",12272,0.5,-0.5,12272
"11600","L2 25","gp",21,"a","0","-","-",3392,0.5,0.5,3392
"11603","L2 25","gp",10,"b","0","-","-",3933,0.5,-0.5,3933
"11628","L2 25","gp",13,"a","0","-","-",3924,0.5,0.5,3924
"11641","L2 25","gp",17,"a","0","-","-",6269,0.5,0.5,6269
"11665","L2 25","gp",18,"b","0","-","-",5998,0.5,-0.5,5998
"11669","L2 25","gp",5,"a","0","-","-",7597,0.5,0.5,7597
"11672","L2 25","gp",14,"b","0","-","-",5400,0.5,-0.5,5400
"11680","L2 25","gp",22,"b","0","-","-",5112,0.5,-0.5,5112
"11697","L2 25","gp",9,"a","0","-","-",5277,0.5,0.5,5277
"11741","L2 26","gp",4,"a","0","-","-",3241,0.5,0.5,3241
"11766","L2 26","gp",8,"a","0","-","-",4025,0.5,0.5,4025
"11780","L2 26","gp",16,"a","0","-","-",3415,0.5,0.5,3415
"11787","L2 26","gp",9,"b","0","-","-",2554,0.5,-0.5,2554
"11801","L2 26","gp",20,"a","0","-","-",2492,0.5,0.5,2492
"11814","L2 26","gp",13,"b","0","-","-",2523,0.5,-0.5,2523
"11818","L2 26","gp",17,"b","0","-","-",2413,0.5,-0.5,2413
"11828","L2 26","gp",24,"a","0","-","-",6136,0.5,0.5,6136
"11839","L2 26","gp",21,"b","0","-","-",2368,0.5,-0.5,2368
"11868","L2 26","gp",1,"b","0","-","-",2691,0.5,-0.5,2691
"11872","L2 26","gp",12,"a","0","-","-",2937,0.5,0.5,2937
"11875","L2 26","gp",5,"b","0","-","-",2157,0.5,-0.5,2157
"11895","L2 27","gp",4,"b","0","-","-",8674,0.5,-0.5,8674
"11926","L2 27","gp",12,"b","0","-","-",4486,0.5,-0.5,4486
"11934","L2 27","gp",15,"a","0","-","-",9607,0.5,0.5,9607
"11940","L2 27","gp",23,"a","0","-","-",10424,0.5,0.5,10424
"11963","L2 27","gp",19,"a","0","-","-",8865,0.5,0.5,8865
"11966","L2 27","gp",24,"b","0","-","-",7743,0.5,-0.5,7743
"11987","L2 27","gp",8,"b","0","-","-",7164,0.5,-0.5,7164
"12002","L2 27","gp",7,"a","0","-","-",8903,0.5,0.5,8903
"12021","L2 27","gp",3,"a","0","-","-",12779,0.5,0.5,12779
"12028","L2 27","gp",11,"a","0","-","-",12108,0.5,0.5,12108
"12031","L2 27","gp",20,"b","0","-","-",4842,0.5,-0.5,4842
"12054","L2 27","gp",16,"b","0","-","-",3599,0.5,-0.5,3599
"12082","L2 28","gp",15,"b","0","-","-",8746,0.5,-0.5,8746
"12095","L2 28","gp",14,"a","0","-","-",8749,0.5,0.5,8749
"12117","L2 28","gp",22,"a","0","-","-",20412,0.5,0.5,20412
"12133","L2 28","gp",11,"b","0","-","-",16621,0.5,-0.5,16621
"12152","L2 28","gp",19,"b","0","-","-",15104,0.5,-0.5,15104
"12177","L2 28","gp",18,"a","0","-","-",11745,0.5,0.5,11745
"12188","L2 28","gp",6,"a","0","-","-",40887,0.5,0.5,40887
"12204","L2 28","gp",7,"b","0","-","-",8045,0.5,-0.5,8045
"12212","L2 28","gp",23,"b","0","-","-",6138,0.5,-0.5,6138
"12216","L2 28","gp",3,"b","0","-","-",8754,0.5,-0.5,8754
"12230","L2 28","gp",10,"a","0","-","-",21922,0.5,0.5,21922
"12237","L2 28","gp",2,"a","0","-","-",18161,0.5,0.5,18161
"12265","L2 29","gp",6,"b","0","-","-",4450,0.5,-0.5,4450
"12272","L2 29","gp",9,"a","0","-","-",2990,0.5,0.5,2990
"12294","L2 29","gp",22,"b","0","-","-",5407,0.5,-0.5,5407
"12304","L2 29","gp",5,"a","0","-","-",4038,0.5,0.5,4038
"12329","L2 29","gp",10,"b","0","-","-",2486,0.5,-0.5,2486
"12342","L2 29","gp",1,"a","0","-","-",4927,0.5,0.5,4927
"12355","L2 29","gp",14,"b","0","-","-",2814,0.5,-0.5,2814
"12362","L2 29","gp",2,"b","0","-","-",3327,0.5,-0.5,3327
"12368","L2 29","gp",21,"a","0","-","-",6084,0.5,0.5,6084
"12405","L2 29","gp",18,"b","0","-","-",2109,0.5,-0.5,2109
"12408","L2 29","gp",13,"a","0","-","-",3230,0.5,0.5,3230
"12411","L2 29","gp",17,"a","0","-","-",2958,0.5,0.5,2958
"12438","L2 30","gp",1,"b","0","-","-",4167,0.5,-0.5,4167
"12449","L2 30","gp",8,"a","0","-","-",4153,0.5,0.5,4153
"12468","L2 30","gp",20,"a","0","-","-",6139,0.5,0.5,6139
"12471","L2 30","gp",17,"b","0","-","-",4819,0.5,-0.5,4819
"12487","L2 30","gp",16,"a","0","-","-",5026,0.5,0.5,5026
"12500","L2 30","gp",12,"a","0","-","-",3517,0.5,0.5,3517
"12504","L2 30","gp",13,"b","0","-","-",4266,0.5,-0.5,4266
"12515","L2 30","gp",21,"b","0","-","-",6492,0.5,-0.5,6492
"12532","L2 30","gp",4,"a","0","-","-",4527,0.5,0.5,4527
"12540","L2 30","gp",9,"b","0","-","-",4000,0.5,-0.5,4000
"12573","L2 30","gp",24,"a","0","-","-",4559,0.5,0.5,4559
"12594","L2 30","gp",5,"b","0","-","-",3351,0.5,-0.5,3351
"12614","L2 31","gp",23,"a","0","-","-",5094,0.5,0.5,5094
"12622","L2 31","gp",11,"a","0","-","-",3854,0.5,0.5,3854
"12625","L2 31","gp",16,"b","0","-","-",6890,0.5,-0.5,6890
"12632","L2 31","gp",15,"a","0","-","-",4994,0.5,0.5,4994
"12640","L2 31","gp",24,"b","0","-","-",8994,0.5,-0.5,8994
"12660","L2 31","gp",7,"a","0","-","-",3738,0.5,0.5,3738
"12693","L2 31","gp",4,"b","0","-","-",4823,0.5,-0.5,4823
"12707","L2 31","gp",12,"b","0","-","-",4262,0.5,-0.5,4262
"12717","L2 31","gp",19,"a","0","-","-",4838,0.5,0.5,4838
"12721","L2 31","gp",3,"a","0","-","-",4882,0.5,0.5,4882
"12757","L2 31","gp",20,"b","0","-","-",5246,0.5,-0.5,5246
"12778","L2 31","gp",8,"b","0","-","-",3922,0.5,-0.5,3922
"12801","L2 32","gp",19,"b","0","-","-",9911,0.5,-0.5,9911
"12821","L2 32","gp",11,"b","0","-","-",3572,0.5,-0.5,3572
"12849","L2 32","gp",6,"a","0","-","-",9651,0.5,0.5,9651
"12863","L2 32","gp",3,"b","0","-","-",5749,0.5,-0.5,5749
"12871","L2 32","gp",7,"b","0","-","-",3773,0.5,-0.5,3773
"12881","L2 32","gp",15,"b","0","-","-",3756,0.5,-0.5,3756
"12891","L2 32","gp",22,"a","0","-","-",4835,0.5,0.5,4835
"12898","L2 32","gp",23,"b","0","-","-",8262,0.5,-0.5,8262
"12902","L2 32","gp",14,"a","0","-","-",4639,0.5,0.5,4639
"12912","L2 32","gp",10,"a","0","-","-",6921,0.5,0.5,6921
"12936","L2 32","gp",2,"a","0","-","-",3870,0.5,0.5,3870
"12940","L2 32","gp",18,"a","0","-","-",5779,0.5,0.5,5779
"12988","L2 33","gp",17,"a","0","-","-",8627,0.5,0.5,8627
"13006","L2 33","gp",22,"b","0","-","-",4095,0.5,-0.5,4095
"13009","L2 33","gp",1,"a","0","-","-",7117,0.5,0.5,7117
"13020","L2 33","gp",6,"b","0","-","-",5359,0.5,-0.5,5359
"13037","L2 33","gp",13,"a","0","-","-",5024,0.5,0.5,5024
"13043","L2 33","gp",9,"a","0","-","-",5037,0.5,0.5,5037
"13053","L2 33","gp",18,"b","0","-","-",4522,0.5,-0.5,4522
"13067","L2 33","gp",2,"b","0","-","-",5057,0.5,-0.5,5057
"13088","L2 33","gp",14,"b","0","-","-",2412,0.5,-0.5,2412
"13097","L2 33","gp",5,"a","0","-","-",4673,0.5,0.5,4673
"13120","L2 33","gp",10,"b","0","-","-",3202,0.5,-0.5,3202
"13123","L2 33","gp",21,"a","0","-","-",3871,0.5,0.5,3871
"13161","L2 34","gp",20,"a","0","-","-",6329,0.5,0.5,6329
"13175","L2 34","gp",8,"a","0","-","-",5412,0.5,0.5,5412
"13178","L2 34","gp",12,"a","0","-","-",9206,0.5,0.5,9206
"13194","L2 34","gp",21,"b","0","-","-",3123,0.5,-0.5,3123
"13202","L2 34","gp",13,"b","0","-","-",5063,0.5,-0.5,5063
"13250","L2 34","gp",24,"a","0","-","-",5191,0.5,0.5,5191
"13264","L2 34","gp",9,"b","0","-","-",5151,0.5,-0.5,5151
"13268","L2 34","gp",16,"a","0","-","-",9904,0.5,0.5,9904
"13284","L2 34","gp",5,"b","0","-","-",3437,0.5,-0.5,3437
"13288","L2 34","gp",17,"b","0","-","-",2769,0.5,-0.5,2769
"13307","L2 34","gp",4,"a","0","-","-",4840,0.5,0.5,4840
"13314","L2 34","gp",1,"b","0","-","-",3697,0.5,-0.5,3697
"13335","L2 35","gp",19,"a","0","-","-",8239,0.5,0.5,8239
"13361","L2 35","gp",24,"b","0","-","-",8247,0.5,-0.5,8247
"13368","L2 35","gp",12,"b","0","-","-",4256,0.5,-0.5,4256
"13405","L2 35","gp",3,"a","0","-","-",4138,0.5,0.5,4138
"13409","L2 35","gp",11,"a","0","-","-",4562,0.5,0.5,4562
"13426","L2 35","gp",16,"b","0","-","-",4267,0.5,-0.5,4267
"13436","L2 35","gp",15,"a","0","-","-",4610,0.5,0.5,4610
"13469","L2 35","gp",4,"b","0","-","-",4735,0.5,-0.5,4735
"13480","L2 35","gp",23,"a","0","-","-",2581,0.5,0.5,2581
"13486","L2 35","gp",8,"b","0","-","-",4461,0.5,-0.5,4461
"13490","L2 35","gp",7,"a","0","-","-",7046,0.5,0.5,7046
"13497","L2 35","gp",20,"b","0","-","-",5407,0.5,-0.5,5407
"13525","L2 36","gp",10,"a","0","-","-",27684,0.5,0.5,27684
"13538","L2 36","gp",3,"b","0","-","-",13635,0.5,-0.5,13635
"13553","L2 36","gp",2,"a","0","-","-",4781,0.5,0.5,4781
"13556","L2 36","gp",18,"a","0","-","-",14742,0.5,0.5,14742
"13563","L2 36","gp",19,"b","0","-","-",8304,0.5,-0.5,8304
"13569","L2 36","gp",23,"b","0","-","-",14096,0.5,-0.5,14096
"13594","L2 36","gp",22,"a","0","-","-",28102,0.5,0.5,28102
"13622","L2 36","gp",6,"a","0","-","-",12486,0.5,0.5,12486
"13629","L2 36","gp",7,"b","0","-","-",10952,0.5,-0.5,10952
"13638","L2 36","gp",15,"b","0","-","-",16315,0.5,-0.5,16315
"13645","L2 36","gp",11,"b","0","-","-",4433,0.5,-0.5,4433
"13660","L2 36","gp",14,"a","0","-","-",13444,0.5,0.5,13444
"13695","L2 37","gp",10,"b","0","-","-",7354,0.5,-0.5,7354
"13711","L2 37","gp",2,"b","0","-","-",7449,0.5,-0.5,7449
"13731","L2 37","gp",17,"a","0","-","-",7665,0.5,0.5,7665
"13735","L2 37","gp",13,"a","0","-","-",4547,0.5,0.5,4547
"13741","L2 37","gp",18,"b","0","-","-",6219,0.5,-0.5,6219
"13748","L2 37","gp",9,"a","0","-","-",7163,0.5,0.5,7163
"13755","L2 37","gp",21,"a","0","-","-",4126,0.5,0.5,4126
"13773","L2 37","gp",14,"b","0","-","-",4035,0.5,-0.5,4035
"13797","L2 37","gp",22,"b","0","-","-",5448,0.5,-0.5,5448
"13811","L2 37","gp",1,"a","0","-","-",4977,0.5,0.5,4977
"13826","L2 37","gp",5,"a","0","-","-",4585,0.5,0.5,4585
"13836","L2 37","gp",6,"b","0","-","-",4541,0.5,-0.5,4541
"13889","L2 38","gp",17,"b","0","-","-",7588,0.5,-0.5,7588
"13911","L2 38","gp",9,"b","0","-","-",9811,0.5,-0.5,9811
"13918","L2 38","gp",12,"a","0","-","-",11500,0.5,0.5,11500
"13924","L2 38","gp",5,"b","0","-","-",6235,0.5,-0.5,6235
"13935","L2 38","gp",13,"b","0","-","-",8867,0.5,-0.5,8867
"13944","L2 38","gp",4,"a","0","-","-",19975,0.5,0.5,19975
"13947","L2 38","gp",16,"a","0","-","-",5171,0.5,0.5,5171
"13955","L2 38","gp",20,"a","0","-","-",17310,0.5,0.5,17310
"13975","L2 38","gp",21,"b","0","-","-",7122,0.5,-0.5,7122
"13989","L2 38","gp",8,"a","0","-","-",3105,0.5,0.5,3105
"14000","L2 38","gp",24,"a","0","-","-",11617,0.5,0.5,11617
"14019","L2 38","gp",1,"b","0","-","-",3087,0.5,-0.5,3087
"14070","L2 39","gp",23,"a","0","-","-",8432,0.5,0.5,8432
"14076","L2 39","gp",8,"b","0","-","-",3809,0.5,-0.5,3809
"14081","L2 39","gp",19,"a","0","-","-",7756,0.5,0.5,7756
"14103","L2 39","gp",24,"b","0","-","-",5386,0.5,-0.5,5386
"14106","L2 39","gp",20,"b","0","-","-",7396,0.5,-0.5,7396
"14120","L2 39","gp",15,"a","0","-","-",3664,0.5,0.5,3664
"14135","L2 39","gp",3,"a","0","-","-",3240,0.5,0.5,3240
"14162","L2 39","gp",16,"b","0","-","-",4846,0.5,-0.5,4846
"14169","L2 39","gp",7,"a","0","-","-",5509,0.5,0.5,5509
"14176","L2 39","gp",12,"b","0","-","-",3608,0.5,-0.5,3608
"14188","L2 39","gp",11,"a","0","-","-",9663,0.5,0.5,9663
"14214","L2 39","gp",4,"b","0","-","-",5047,0.5,-0.5,5047
"14241","L2 40","gp",3,"b","0","-","-",4996,0.5,-0.5,4996
"14249","L2 40","gp",15,"b","0","-","-",5380,0.5,-0.5,5380
"14280","L2 40","gp",14,"a","0","-","-",5421,0.5,0.5,5421
"14283","L2 40","gp",23,"b","0","-","-",7302,0.5,-0.5,7302
"14291","L2 40","gp",10,"a","0","-","-",9649,0.5,0.5,9649
"14294","L2 40","gp",11,"b","0","-","-",6252,0.5,-0.5,6252
"14314","L2 40","gp",2,"a","0","-","-",10415,0.5,0.5,10415
"14341","L2 40","gp",22,"a","0","-","-",13584,0.5,0.5,13584
"14376","L2 40","gp",19,"b","0","-","-",7325,0.5,-0.5,7325
"14387","L2 40","gp",6,"a","0","-","-",9747,0.5,0.5,9747
"14390","L2 40","gp",18,"a","0","-","-",3776,0.5,0.5,3776
"14398","L2 40","gp",7,"b","0","-","-",4641,0.5,-0.5,4641
